<?xml version="1.0" encoding="UTF-8" ?>
<localidades>
  <localidad>
    <codLoc>01</codLoc>
    <nombreLoc>Preferencial</nombreLoc>
    <activa>1</activa>
    <idUsr>02</idUsr>
    <nombreUsr>Jugadores y CT</nombreUsr>
    <entradas>90</entradas>
  </localidad>
  <localidad>
    <codLoc>01</codLoc>
    <nombreLoc>Preferencial</nombreLoc>
    <activa>1</activa>
    <idUsr>26</idUsr>
    <nombreUsr>Club Visita</nombreUsr>
    <entradas>30</entradas>
  </localidad>
  <localidad>
    <codLoc>01</codLoc>
    <nombreLoc>Preferencial</nombreLoc>
    <activa>1</activa>
    <idUsr>01</idUsr>
    <nombreUsr>Dirigentes</nombreUsr>
    <entradas>26</entradas>
  </localidad>
  <localidad>
    <codLoc>01</codLoc>
    <nombreLoc>Preferencial</nombreLoc>
    <activa>1</activa>
    <idUsr>06</idUsr>
    <nombreUsr>Coca Cola</nombreUsr>
    <entradas>4</entradas>
  </localidad>
  <localidad>
    <codLoc>01</codLoc>
    <nombreLoc>Preferencial</nombreLoc>
    <activa>1</activa>
    <idUsr>08</idUsr>
    <nombreUsr>O Concept</nombreUsr>
    <entradas>5</entradas>
  </localidad>
  <localidad>
    <codLoc>01</codLoc>
    <nombreLoc>Preferencial</nombreLoc>
    <activa>1</activa>
    <idUsr>09</idUsr>
    <nombreUsr>Productos Fernandez</nombreUsr>
    <entradas>2</entradas>
  </localidad>
  <localidad>
    <codLoc>01</codLoc>
    <nombreLoc>Preferencial</nombreLoc>
    <activa>1</activa>
    <idUsr>29</idUsr>
    <nombreUsr>Compromisos</nombreUsr>
    <entradas>7</entradas>
  </localidad>
  <localidad>
    <codLoc>01</codLoc>
    <nombreLoc>Preferencial</nombreLoc>
    <activa>1</activa>
    <idUsr>24</idUsr>
    <nombreUsr>Virginia Reginato</nombreUsr>
    <entradas>10</entradas>
  </localidad>
  <localidad>
    <codLoc>01</codLoc>
    <nombreLoc>Preferencial</nombreLoc>
    <activa>1</activa>
    <idUsr>25</idUsr>
    <nombreUsr>María Angélica Maldonado</nombreUsr>
    <entradas>10</entradas>
  </localidad>
  <localidad>
    <codLoc>01</codLoc>
    <nombreLoc>Preferencial</nombreLoc>
    <activa>1</activa>
    <idUsr>38</idUsr>
    <nombreUsr>Cortesías Iquique</nombreUsr>
    <entradas>10</entradas>
  </localidad>
  <localidad>
    <codLoc>01</codLoc>
    <nombreLoc>Preferencial</nombreLoc>
    <activa>1</activa>
    <idUsr>15</idUsr>
    <nombreUsr>Radio Festival</nombreUsr>
    <entradas>8</entradas>
  </localidad>
  <localidad>
    <codLoc>01</codLoc>
    <nombreLoc>Preferencial</nombreLoc>
    <activa>1</activa>
    <idUsr>22</idUsr>
    <nombreUsr>Estadio Quillota</nombreUsr>
    <entradas>30</entradas>
  </localidad>
  <localidad>
    <codLoc>01</codLoc>
    <nombreLoc>Preferencial</nombreLoc>
    <activa>1</activa>
    <idUsr>16</idUsr>
    <nombreUsr>Carlos Williams</nombreUsr>
    <entradas>8</entradas>
  </localidad>
  <localidad>
    <codLoc>01</codLoc>
    <nombreLoc>Preferencial</nombreLoc>
    <activa>1</activa>
    <idUsr>31</idUsr>
    <nombreUsr>Preferencial</nombreUsr>
    <entradas>300</entradas>
  </localidad>
  <localidad>
    <codLoc>01</codLoc>
    <nombreLoc>Preferencial</nombreLoc>
    <activa>1</activa>
    <idUsr>23</idUsr>
    <nombreUsr>Concejales</nombreUsr>
    <entradas>20</entradas>
  </localidad>
  <localidad>
    <codLoc>01</codLoc>
    <nombreLoc>Preferencial</nombreLoc>
    <activa>1</activa>
    <idUsr>36</idUsr>
    <nombreUsr>Canje Entradas</nombreUsr>
    <entradas>10</entradas>
  </localidad>
  <localidad>
    <codLoc>01</codLoc>
    <nombreLoc>Preferencial</nombreLoc>
    <activa>1</activa>
    <idUsr>34</idUsr>
    <nombreUsr>Promoción Entel</nombreUsr>
    <entradas>50</entradas>
  </localidad>
  <localidad>
    <codLoc>02</codLoc>
    <nombreLoc>Andes</nombreLoc>
    <activa>0</activa>
    <idUsr>30</idUsr>
    <nombreUsr>U Viña del Mar</nombreUsr>
    <entradas>100</entradas>
  </localidad>
  <localidad>
    <codLoc>02</codLoc>
    <nombreLoc>Andes</nombreLoc>
    <activa>0</activa>
    <idUsr>02</idUsr>
    <nombreUsr>Jugadores y CT</nombreUsr>
    <entradas>50</entradas>
  </localidad>
  <localidad>
    <codLoc>02</codLoc>
    <nombreLoc>Andes</nombreLoc>
    <activa>0</activa>
    <idUsr>01</idUsr>
    <nombreUsr>Dirigentes</nombreUsr>
    <entradas>4</entradas>
  </localidad>
  <localidad>
    <codLoc>02</codLoc>
    <nombreLoc>Andes</nombreLoc>
    <activa>0</activa>
    <idUsr>06</idUsr>
    <nombreUsr>Coca Cola</nombreUsr>
    <entradas>15</entradas>
  </localidad>
  <localidad>
    <codLoc>02</codLoc>
    <nombreLoc>Andes</nombreLoc>
    <activa>0</activa>
    <idUsr>07</idUsr>
    <nombreUsr>Gaucho</nombreUsr>
    <entradas>15</entradas>
  </localidad>
  <localidad>
    <codLoc>02</codLoc>
    <nombreLoc>Andes</nombreLoc>
    <activa>0</activa>
    <idUsr>05</idUsr>
    <nombreUsr>Go Zuko</nombreUsr>
    <entradas>4</entradas>
  </localidad>
  <localidad>
    <codLoc>02</codLoc>
    <nombreLoc>Andes</nombreLoc>
    <activa>0</activa>
    <idUsr>09</idUsr>
    <nombreUsr>Productos Fernandez</nombreUsr>
    <entradas>20</entradas>
  </localidad>
  <localidad>
    <codLoc>02</codLoc>
    <nombreLoc>Andes</nombreLoc>
    <activa>0</activa>
    <idUsr>29</idUsr>
    <nombreUsr>Compromisos</nombreUsr>
    <entradas>20</entradas>
  </localidad>
  <localidad>
    <codLoc>02</codLoc>
    <nombreLoc>Andes</nombreLoc>
    <activa>0</activa>
    <idUsr>14</idUsr>
    <nombreUsr>Radio UCV</nombreUsr>
    <entradas>5</entradas>
  </localidad>
  <localidad>
    <codLoc>02</codLoc>
    <nombreLoc>Andes</nombreLoc>
    <activa>0</activa>
    <idUsr>20</idUsr>
    <nombreUsr>Administrativos</nombreUsr>
    <entradas>17</entradas>
  </localidad>
  <localidad>
    <codLoc>02</codLoc>
    <nombreLoc>Andes</nombreLoc>
    <activa>0</activa>
    <idUsr>11</idUsr>
    <nombreUsr>Clos de Pirque</nombreUsr>
    <entradas>10</entradas>
  </localidad>
  <localidad>
    <codLoc>02</codLoc>
    <nombreLoc>Andes</nombreLoc>
    <activa>0</activa>
    <idUsr>13</idUsr>
    <nombreUsr>Radio Portales</nombreUsr>
    <entradas>5</entradas>
  </localidad>
  <localidad>
    <codLoc>02</codLoc>
    <nombreLoc>Andes</nombreLoc>
    <activa>0</activa>
    <idUsr>12</idUsr>
    <nombreUsr>Radio Valparaíso</nombreUsr>
    <entradas>5</entradas>
  </localidad>
  <localidad>
    <codLoc>02</codLoc>
    <nombreLoc>Andes</nombreLoc>
    <activa>0</activa>
    <idUsr>19</idUsr>
    <nombreUsr>Quintavisión</nombreUsr>
    <entradas>5</entradas>
  </localidad>
  <localidad>
    <codLoc>02</codLoc>
    <nombreLoc>Andes</nombreLoc>
    <activa>0</activa>
    <idUsr>18</idUsr>
    <nombreUsr>Radio Amor</nombreUsr>
    <entradas>2</entradas>
  </localidad>
  <localidad>
    <codLoc>02</codLoc>
    <nombreLoc>Andes</nombreLoc>
    <activa>0</activa>
    <idUsr>34</idUsr>
    <nombreUsr>Promoción Entel</nombreUsr>
    <entradas>80</entradas>
  </localidad>
  <localidad>
    <codLoc>02</codLoc>
    <nombreLoc>Andes</nombreLoc>
    <activa>0</activa>
    <idUsr>32</idUsr>
    <nombreUsr>Andes</nombreUsr>
    <entradas>400</entradas>
  </localidad>
  <localidad>
    <codLoc>03</codLoc>
    <nombreLoc>Galería</nombreLoc>
    <activa>0</activa>
    <idUsr>03</idUsr>
    <nombreUsr>Mario Vera</nombreUsr>
    <entradas>5</entradas>
  </localidad>
  <localidad>
    <codLoc>03</codLoc>
    <nombreLoc>Galería</nombreLoc>
    <activa>0</activa>
    <idUsr>01</idUsr>
    <nombreUsr>Dirigentes</nombreUsr>
    <entradas>22</entradas>
  </localidad>
  <localidad>
    <codLoc>03</codLoc>
    <nombreLoc>Galería</nombreLoc>
    <activa>0</activa>
    <idUsr>04</idUsr>
    <nombreUsr>Christian Ochoa</nombreUsr>
    <entradas>10</entradas>
  </localidad>
  <localidad>
    <codLoc>03</codLoc>
    <nombreLoc>Galería</nombreLoc>
    <activa>0</activa>
    <idUsr>08</idUsr>
    <nombreUsr>O Concept</nombreUsr>
    <entradas>5</entradas>
  </localidad>
  <localidad>
    <codLoc>03</codLoc>
    <nombreLoc>Galería</nombreLoc>
    <activa>0</activa>
    <idUsr>28</idUsr>
    <nombreUsr>Caja 18</nombreUsr>
    <entradas>20</entradas>
  </localidad>
  <localidad>
    <codLoc>03</codLoc>
    <nombreLoc>Galería</nombreLoc>
    <activa>0</activa>
    <idUsr>29</idUsr>
    <nombreUsr>Compromisos</nombreUsr>
    <entradas>8</entradas>
  </localidad>
  <localidad>
    <codLoc>03</codLoc>
    <nombreLoc>Galería</nombreLoc>
    <activa>0</activa>
    <idUsr>27</idUsr>
    <nombreUsr>Concurso Facebook</nombreUsr>
    <entradas>5</entradas>
  </localidad>
  <localidad>
    <codLoc>03</codLoc>
    <nombreLoc>Galería</nombreLoc>
    <activa>0</activa>
    <idUsr>20</idUsr>
    <nombreUsr>Administrativos</nombreUsr>
    <entradas>2</entradas>
  </localidad>
  <localidad>
    <codLoc>03</codLoc>
    <nombreLoc>Galería</nombreLoc>
    <activa>0</activa>
    <idUsr>38</idUsr>
    <nombreUsr>Cortesías Iquique</nombreUsr>
    <entradas>20</entradas>
  </localidad>
  <localidad>
    <codLoc>03</codLoc>
    <nombreLoc>Galería</nombreLoc>
    <activa>0</activa>
    <idUsr>21</idUsr>
    <nombreUsr>Municipalidad</nombreUsr>
    <entradas>360</entradas>
  </localidad>
  <localidad>
    <codLoc>03</codLoc>
    <nombreLoc>Galería</nombreLoc>
    <activa>0</activa>
    <idUsr>17</idUsr>
    <nombreUsr>Radio Carnaval</nombreUsr>
    <entradas>4</entradas>
  </localidad>
  <localidad>
    <codLoc>03</codLoc>
    <nombreLoc>Galería</nombreLoc>
    <activa>0</activa>
    <idUsr>37</idUsr>
    <nombreUsr>Radio Reg. Quillota</nombreUsr>
    <entradas>4</entradas>
  </localidad>
  <localidad>
    <codLoc>03</codLoc>
    <nombreLoc>Galería</nombreLoc>
    <activa>0</activa>
    <idUsr>36</idUsr>
    <nombreUsr>Canje Entradas</nombreUsr>
    <entradas>30</entradas>
  </localidad>
  <localidad>
    <codLoc>03</codLoc>
    <nombreLoc>Galería</nombreLoc>
    <activa>0</activa>
    <idUsr>35</idUsr>
    <nombreUsr>Galería Visita</nombreUsr>
    <entradas>300</entradas>
  </localidad>
  <localidad>
    <codLoc>03</codLoc>
    <nombreLoc>Galería</nombreLoc>
    <activa>0</activa>
    <idUsr>34</idUsr>
    <nombreUsr>Promoción Entel</nombreUsr>
    <entradas>200</entradas>
  </localidad>
  <localidad>
    <codLoc>03</codLoc>
    <nombreLoc>Galería</nombreLoc>
    <activa>0</activa>
    <idUsr>33</idUsr>
    <nombreUsr>Galería Everton</nombreUsr>
    <entradas>1500</entradas>
  </localidad>
</localidades>
